Workbook
Name Slicer_AttendanceRate: #N/A
Name Slicer_Online_Classes_Taken: #N/A
Name Slicer_ParentalSupport: #N/A
Name Slicer_ParentalSupport1: #N/A

Sheet student_performance_updated_100
A1: StudentID | B1: Name | C1: Gender | D1: AttendanceRate | E1: StudyHoursPerWeek | F1: PreviousGrade | G1: ExtracurricularActivities | H1: ParentalSupport | I1: FinalGrade | J1: Online Classes Taken
A2: 1 | B2: John | C2: Male | D2: 85 | E2: 15 | F2: 78 | G2: 1 | H2: High | I2: 80 | J2: FALSE
A3: 2 | B3: Sarah | C3: Female | D3: 90 | E3: 20 | F3: 85 | G3: 2 | H3: Medium | I3: 87 | J3: TRUE
A4: 3 | B4: Alex | C4: Male | D4: 78 | E4: 10 | F4: 65 | G4: 0 | H4: Low | I4: 68 | J4: FALSE
A5: 4 | B5: Michael | C5: Male | D5: 92 | E5: 25 | F5: 90 | G5: 3 | H5: High | I5: 92 | J5: FALSE
A6: 5 | B6: Emma | C6: Female | D6: 85.510417 | E6: 18 | F6: 82 | G6: 2 | H6: Medium | I6: 85 | J6: TRUE
A7: 6 | B7: Olivia | C7: Female | D7: 95 | E7: 30 | F7: 88 | G7: 1 | H7: High | I7: 80.030208 | J7: FALSE
A8: 7 | B8: Daniel | C8: Male | D8: 70 | E8: 8 | F8: 60 | G8: 0 | H8: Low | I8: 62 | J8: FALSE
A9: 8 | B9: Sophia | C9: Female | D9: 85.510417 | E9: 17 | F9: 77 | G9: 1 | H9: Medium | I9: 78 | J9: TRUE
A10: 9 | B10: James | C10: Male | D10: 82 | E10: 12 | F10: 70 | G10: 2 | H10: Low | I10: 72 | J10: FALSE
A11: 10 | B11: Isabella | C11: Female | D11: 91 | E11: 22 | F11: 86 | G11: 3 | H11: High | I11: 88 | J11: TRUE
A12: 11 | B12: Shannon Harrison | C12: Male | D12: 88 | E12: 25 | F12: 90 | G12: 0 | H12: High | I12: 87 | J12: TRUE
A13: 12 | B13: Peter Davila | C13: Male | D13: 85 | E13: 20 | F13: 77.598759 | G13: 3 | H13: Low | I13: 88 | J13: FALSE
... A1001: 1000 | B1001: Maria Walls | C1001: Female | D1001: 88 | E1001: 10 | F1001: 90 | G1001: 1 | H1001: Medium | I1001: 80.030208 | J1001: TRUE

Sheet Summary
A1: Metric | B1: Values
A2: Average Final Grade | B2: =AVERAGE(student_performance_updated_100!I:I) -> 80.030208
A3: Maximum Final Grade | B3: =MAX(student_performance_updated_100!I:I) -> 92
A4: Minimum Final Grade | B4: =MIN(student_performance_updated_100!I:I) -> 62
A5: Average Previous Grade | B5: =AVERAGE(student_performance_updated_100!F:F) -> 77.598759
A6: Maximum Previous Grade | B6: =MAX(student_performance_updated_100!F:F) -> 90
A7: Minimum Previous Grade | B7: =MIN(student_performance_updated_100!F:F) -> 60
A8: Average Attendance Rate | B8: =AVERAGE(student_performance_updated_100!D:D) -> 85.510417
A9: Maximum Attendance Rate | B9: =MAX(student_performance_updated_100!D:D) -> 95
A10: Minimum Attendance Rate | B10: =MIN(student_performance_updated_100!D:D) -> 70
A11: Average Study Hours Per week | B11: =AVERAGE(student_performance_updated_100!E:E) -> 17.630526

Sheet Remarks Pivot Table
B3: Gender
B4: Female | D4: Male | F4: Unknown | H4: Total Count of Remark | I4: Total Count of Previous Remark
A5: Remark | B5: Count of Remark | C5: Count of Previous Remark | D5: Count of Remark | E5: Count of Previous Remark | F5: Count of Remark | G5: Count of Previous Remark
A6: Good | B6: 279 | C6: 279 | D6: 301 | E6: 301 | F6: 30 | G6: 30 | H6: 610 | I6: 610
A7: Excellent | B7: 47 | C7: 47 | D7: 48 | E7: 48 | F7: 2 | G7: 2 | H7: 97 | I7: 97
A8: Try Better | B8: 125 | C8: 125 | D8: 152 | E8: 152 | F8: 16 | G8: 16 | H8: 293 | I8: 293
A9: Grand Total | B9: 451 | C9: 451 | D9: 501 | E9: 501 | F9: 48 | G9: 48 | H9: 1000 | I9: 1000

Sheet REMARKS
B1: Final Marks | C1: Grade | D1: Previous Marks | E1: Grade | F1: Attendance Rate | G1: Remark | H1: Previous Remark | I1: Gender
B2: 80 | C2: B1 | D2: 78 | E2: B1 | F2: 85 | G2: Good | H2: Good | I2: Male
B3: 87 | C3: A2 | D3: 85 | E3: A2 | F3: 90 | G3: Good | H3: Good | I3: Female
B4: 68 | C4: B2 | D4: 65 | E4: B2 | F4: 78 | G4: Try Better | H4: Try Better | I4: Male
B5: 92 | C5: A1 | D5: 90 | E5: A2 | F5: 92 | G5: Excellent | H5: Good | I5: Male
B6: 85 | C6: A2 | D6: 82 | E6: A2 | F6: 85.510417 | G6: Good | H6: Good | I6: Female
B7: 80.030208 | C7: A2 | D7: 88 | E7: A2 | F7: 95 | G7: Good | H7: Good | I7: Female
B8: 62 | C8: B2 | D8: 60 | E8: C1 | F8: 70 | G8: Try Better | H8: Poor Performance | I8: Male
B9: 78 | C9: B1 | D9: 77 | E9: B1 | F9: 85.510417 | G9: Good | H9: Good | I9: Female
B10: 72 | C10: B1 | D10: 70 | E10: B2 | F10: 82 | G10: Try Better | H10: Try Better | I10: Male
B11: 88 | C11: A2 | D11: 86 | E11: A2 | F11: 91 | G11: Good | H11: Good | I11: Female
B12: 87 | C12: A2 | D12: 90 | E12: A2 | F12: 88 | G12: Good | H12: Good | I12: Male
B13: 88 | C13: A2 | D13: 77.598759 | E13: B1 | F13: 85 | G13: Good | H13: Good | I13: Male
... B1001: 80.030208 | C1001: A2 | D1001: 90 | E1001: A2 | F1001: 88 | G1001: Good | H1001: Good | I1001: Female

Sheet Analysis
B1: Final Marks | C1: Grade | D1: Previous Marks | E1: Grade | F1: Attendance Rate
B2: 80 | C2: {=_xlfn.IFS(B2>90,"A1",B2>80,"A2",B2>70,"B1",B2>60,"B2",B2>50,"C1",B2>40,"C2")} -> B1 | D2: 78 | E2: {=_xlfn.IFS(Table1[[#This Row],[Previous Marks]]>90,"A1",Table1[[#This Row],[Previous Marks]]>80,"A2",Table1[[#This Row],[Previous Marks]]>70,"B1",Table1[[#This Row],[Previous Marks]]>60,"B2",Table1[[#This Row],[Previous Marks]]>50,"C1",Table1[[#This Row],[Previous Marks]]>40,"C2")} -> B1 | F2: 85
B3: 87 | C3: {=_xlfn.IFS(B3>90,"A1",B3>80,"A2",B3>70,"B1",B3>60,"B2",B3>50,"C1",B3>40,"C2")} -> A2 | D3: 85 | E3: {=_xlfn.IFS(Table1[[#This Row],[Previous Marks]]>90,"A1",Table1[[#This Row],[Previous Marks]]>80,"A2",Table1[[#This Row],[Previous Marks]]>70,"B1",Table1[[#This Row],[Previous Marks]]>60,"B2",Table1[[#This Row],[Previous Marks]]>50,"C1",Table1[[#This Row],[Previous Marks]]>40,"C2")} -> A2 | F3: 90 | H3: Final Score | I3: Grade | N3: Count of Attendance Rate | O3: Attendance Rate
B4: 68 | C4: {=_xlfn.IFS(B4>90,"A1",B4>80,"A2",B4>70,"B1",B4>60,"B2",B4>50,"C1",B4>40,"C2")} -> B2 | D4: 65 | E4: {=_xlfn.IFS(Table1[[#This Row],[Previous Marks]]>90,"A1",Table1[[#This Row],[Previous Marks]]>80,"A2",Table1[[#This Row],[Previous Marks]]>70,"B1",Table1[[#This Row],[Previous Marks]]>60,"B2",Table1[[#This Row],[Previous Marks]]>50,"C1",Table1[[#This Row],[Previous Marks]]>40,"C2")} -> B2 | F4: 78 | H4: 68 | I4: =VLOOKUP(H4,Table1[],2,TRUE) -> B2 | N4: Grade | O4: 70 | P4: 78 | Q4: 82 | R4: 85 | S4: 85.510417 | T4: 88 | U4: 90 | V4: 91 | W4: 92 | X4: 95 | Y4: Grand Total
B5: 92 | C5: {=_xlfn.IFS(B5>90,"A1",B5>80,"A2",B5>70,"B1",B5>60,"B2",B5>50,"C1",B5>40,"C2")} -> A1 | D5: 90 | E5: {=_xlfn.IFS(Table1[[#This Row],[Previous Marks]]>90,"A1",Table1[[#This Row],[Previous Marks]]>80,"A2",Table1[[#This Row],[Previous Marks]]>70,"B1",Table1[[#This Row],[Previous Marks]]>60,"B2",Table1[[#This Row],[Previous Marks]]>50,"C1",Table1[[#This Row],[Previous Marks]]>40,"C2")} -> A2 | F5: 92 | N5: A1 | O5: 12 | P5: 9 | Q5: 8 | R5: 15 | S5: 6 | T5: 9 | U5: 12 | V5: 9 | W5: 8 | X5: 9 | Y5: 97
B6: 85 | C6: {=_xlfn.IFS(B6>90,"A1",B6>80,"A2",B6>70,"B1",B6>60,"B2",B6>50,"C1",B6>40,"C2")} -> A2 | D6: 82 | E6: {=_xlfn.IFS(Table1[[#This Row],[Previous Marks]]>90,"A1",Table1[[#This Row],[Previous Marks]]>80,"A2",Table1[[#This Row],[Previous Marks]]>70,"B1",Table1[[#This Row],[Previous Marks]]>60,"B2",Table1[[#This Row],[Previous Marks]]>50,"C1",Table1[[#This Row],[Previous Marks]]>40,"C2")} -> A2 | F6: 85.510417 | N6: A2 | O6: 39 | P6: 44 | Q6: 32 | R6: 78 | S6: 19 | T6: 32 | U6: 47 | V6: 45 | W6: 36 | X6: 32 | Y6: 404
B7: 80.030208 | C7: {=_xlfn.IFS(B7>90,"A1",B7>80,"A2",B7>70,"B1",B7>60,"B2",B7>50,"C1",B7>40,"C2")} -> A2 | D7: 88 | E7: {=_xlfn.IFS(Table1[[#This Row],[Previous Marks]]>90,"A1",Table1[[#This Row],[Previous Marks]]>80,"A2",Table1[[#This Row],[Previous Marks]]>70,"B1",Table1[[#This Row],[Previous Marks]]>60,"B2",Table1[[#This Row],[Previous Marks]]>50,"C1",Table1[[#This Row],[Previous Marks]]>40,"C2")} -> A2 | F7: 95 | H7: Previous Score | I7: Grade | N7: B1 | O7: 34 | P7: 37 | Q7: 23 | R7: 62 | S7: 9 | T7: 23 | U7: 29 | V7: 32 | W7: 23 | X7: 44 | Y7: 316
B8: 62 | C8: {=_xlfn.IFS(B8>90,"A1",B8>80,"A2",B8>70,"B1",B8>60,"B2",B8>50,"C1",B8>40,"C2")} -> B2 | D8: 60 | E8: {=_xlfn.IFS(Table1[[#This Row],[Previous Marks]]>90,"A1",Table1[[#This Row],[Previous Marks]]>80,"A2",Table1[[#This Row],[Previous Marks]]>70,"B1",Table1[[#This Row],[Previous Marks]]>60,"B2",Table1[[#This Row],[Previous Marks]]>50,"C1",Table1[[#This Row],[Previous Marks]]>40,"C2")} -> C1 | F8: 70 | H8: 78 | I8: =VLOOKUP(H8,Table1[],4,TRUE) -> B2 | N8: B2 | O8: 22 | P8: 17 | Q8: 11 | R8: 27 | S8: 6 | T8: 27 | U8: 14 | V8: 22 | W8: 18 | X8: 19 | Y8: 183
B9: 78 | C9: {=_xlfn.IFS(B9>90,"A1",B9>80,"A2",B9>70,"B1",B9>60,"B2",B9>50,"C1",B9>40,"C2")} -> B1 | D9: 77 | E9: {=_xlfn.IFS(Table1[[#This Row],[Previous Marks]]>90,"A1",Table1[[#This Row],[Previous Marks]]>80,"A2",Table1[[#This Row],[Previous Marks]]>70,"B1",Table1[[#This Row],[Previous Marks]]>60,"B2",Table1[[#This Row],[Previous Marks]]>50,"C1",Table1[[#This Row],[Previous Marks]]>40,"C2")} -> B1 | F9: 85.510417 | N9: Grand Total | O9: 107 | P9: 107 | Q9: 74 | R9: 182 | S9: 40 | T9: 91 | U9: 102 | V9: 108 | W9: 85 | X9: 104 | Y9: 1000
B10: 72 | C10: {=_xlfn.IFS(B10>90,"A1",B10>80,"A2",B10>70,"B1",B10>60,"B2",B10>50,"C1",B10>40,"C2")} -> B1 | D10: 70 | E10: {=_xlfn.IFS(Table1[[#This Row],[Previous Marks]]>90,"A1",Table1[[#This Row],[Previous Marks]]>80,"A2",Table1[[#This Row],[Previous Marks]]>70,"B1",Table1[[#This Row],[Previous Marks]]>60,"B2",Table1[[#This Row],[Previous Marks]]>50,"C1",Table1[[#This Row],[Previous Marks]]>40,"C2")} -> B2 | F10: 82
B11: 88 | C11: {=_xlfn.IFS(B11>90,"A1",B11>80,"A2",B11>70,"B1",B11>60,"B2",B11>50,"C1",B11>40,"C2")} -> A2 | D11: 86 | E11: {=_xlfn.IFS(Table1[[#This Row],[Previous Marks]]>90,"A1",Table1[[#This Row],[Previous Marks]]>80,"A2",Table1[[#This Row],[Previous Marks]]>70,"B1",Table1[[#This Row],[Previous Marks]]>60,"B2",Table1[[#This Row],[Previous Marks]]>50,"C1",Table1[[#This Row],[Previous Marks]]>40,"C2")} -> A2 | F11: 91
B12: 87 | C12: {=_xlfn.IFS(B12>90,"A1",B12>80,"A2",B12>70,"B1",B12>60,"B2",B12>50,"C1",B12>40,"C2")} -> A2 | D12: 90 | E12: {=_xlfn.IFS(Table1[[#This Row],[Previous Marks]]>90,"A1",Table1[[#This Row],[Previous Marks]]>80,"A2",Table1[[#This Row],[Previous Marks]]>70,"B1",Table1[[#This Row],[Previous Marks]]>60,"B2",Table1[[#This Row],[Previous Marks]]>50,"C1",Table1[[#This Row],[Previous Marks]]>40,"C2")} -> A2 | F12: 88
B13: 88 | C13: {=_xlfn.IFS(B13>90,"A1",B13>80,"A2",B13>70,"B1",B13>60,"B2",B13>50,"C1",B13>40,"C2")} -> A2 | D13: 77.598759 | E13: {=_xlfn.IFS(Table1[[#This Row],[Previous Marks]]>90,"A1",Table1[[#This Row],[Previous Marks]]>80,"A2",Table1[[#This Row],[Previous Marks]]>70,"B1",Table1[[#This Row],[Previous Marks]]>60,"B2",Table1[[#This Row],[Previous Marks]]>50,"C1",Table1[[#This Row],[Previous Marks]]>40,"C2")} -> B1 | F13: 85
B14: 62 | C14: {=_xlfn.IFS(B14>90,"A1",B14>80,"A2",B14>70,"B1",B14>60,"B2",B14>50,"C1",B14>40,"C2")} -> B2 | D14: 78 | E14: {=_xlfn.IFS(Table1[[#This Row],[Previous Marks]]>90,"A1",Table1[[#This Row],[Previous Marks]]>80,"A2",Table1[[#This Row],[Previous Marks]]>70,"B1",Table1[[#This Row],[Previous Marks]]>60,"B2",Table1[[#This Row],[Previous Marks]]>50,"C1",Table1[[#This Row],[Previous Marks]]>40,"C2")} -> B1 | F14: 91
B15: 88 | C15: {=_xlfn.IFS(B15>90,"A1",B15>80,"A2",B15>70,"B1",B15>60,"B2",B15>50,"C1",B15>40,"C2")} -> A2 | D15: 85 | E15: {=_xlfn.IFS(Table1[[#This Row],[Previous Marks]]>90,"A1",Table1[[#This Row],[Previous Marks]]>80,"A2",Table1[[#This Row],[Previous Marks]]>70,"B1",Table1[[#This Row],[Previous Marks]]>60,"B2",Table1[[#This Row],[Previous Marks]]>50,"C1",Table1[[#This Row],[Previous Marks]]>40,"C2")} -> A2 | F15: 90
B16: 88 | C16: {=_xlfn.IFS(B16>90,"A1",B16>80,"A2",B16>70,"B1",B16>60,"B2",B16>50,"C1",B16>40,"C2")} -> A2 | D16: 70 | E16: {=_xlfn.IFS(Table1[[#This Row],[Previous Marks]]>90,"A1",Table1[[#This Row],[Previous Marks]]>80,"A2",Table1[[#This Row],[Previous Marks]]>70,"B1",Table1[[#This Row],[Previous Marks]]>60,"B2",Table1[[#This Row],[Previous Marks]]>50,"C1",Table1[[#This Row],[Previous Marks]]>40,"C2")} -> B2 | F16: 70
B17: 62 | C17: {=_xlfn.IFS(B17>90,"A1",B17>80,"A2",B17>70,"B1",B17>60,"B2",B17>50,"C1",B17>40,"C2")} -> B2 | D17: 85 | E17: {=_xlfn.IFS(Table1[[#This Row],[Previous Marks]]>90,"A1",Table1[[#This Row],[Previous Marks]]>80,"A2",Table1[[#This Row],[Previous Marks]]>70,"B1",Table1[[#This Row],[Previous Marks]]>60,"B2",Table1[[#This Row],[Previous Marks]]>50,"C1",Table1[[#This Row],[Previous Marks]]>40,"C2")} -> A2 | F17: 85.510417
B18: 68 | C18: {=_xlfn.IFS(B18>90,"A1",B18>80,"A2",B18>70,"B1",B18>60,"B2",B18>50,"C1",B18>40,"C2")} -> B2 | D18: 82 | E18: {=_xlfn.IFS(Table1[[#This Row],[Previous Marks]]>90,"A1",Table1[[#This Row],[Previous Marks]]>80,"A2",Table1[[#This Row],[Previous Marks]]>70,"B1",Table1[[#This Row],[Previous Marks]]>60,"B2",Table1[[#This Row],[Previous Marks]]>50,"C1",Table1[[#This Row],[Previous Marks]]>40,"C2")} -> A2 | F18: 95
B19: 92 | C19: {=_xlfn.IFS(B19>90,"A1",B19>80,"A2",B19>70,"B1",B19>60,"B2",B19>50,"C1",B19>40,"C2")} -> A1 | D19: 90 | E19: {=_xlfn.IFS(Table1[[#This Row],[Previous Marks]]>90,"A1",Table1[[#This Row],[Previous Marks]]>80,"A2",Table1[[#This Row],[Previous Marks]]>70,"B1",Table1[[#This Row],[Previous Marks]]>60,"B2",Table1[[#This Row],[Previous Marks]]>50,"C1",Table1[[#This Row],[Previous Marks]]>40,"C2")} -> A2 | F19: 88
B20: 78 | C20: {=_xlfn.IFS(B20>90,"A1",B20>80,"A2",B20>70,"B1",B20>60,"B2",B20>50,"C1",B20>40,"C2")} -> B1 | D20: 88 | E20: {=_xlfn.IFS(Table1[[#This Row],[Previous Marks]]>90,"A1",Table1[[#This Row],[Previous Marks]]>80,"A2",Table1[[#This Row],[Previous Marks]]>70,"B1",Table1[[#This Row],[Previous Marks]]>60,"B2",Table1[[#This Row],[Previous Marks]]>50,"C1",Table1[[#This Row],[Previous Marks]]>40,"C2")} -> A2 | F20: 92
B21: 88 | C21: {=_xlfn.IFS(B21>90,"A1",B21>80,"A2",B21>70,"B1",B21>60,"B2",B21>50,"C1",B21>40,"C2")} -> A2 | D21: 70 | E21: {=_xlfn.IFS(Table1[[#This Row],[Previous Marks]]>90,"A1",Table1[[#This Row],[Previous Marks]]>80,"A2",Table1[[#This Row],[Previous Marks]]>70,"B1",Table1[[#This Row],[Previous Marks]]>60,"B2",Table1[[#This Row],[Previous Marks]]>50,"C1",Table1[[#This Row],[Previous Marks]]>40,"C2")} -> B2 | F21: 78
... B1001: 80.030208 | C1001: {=_xlfn.IFS(B1001>90,"A1",B1001>80,"A2",B1001>70,"B1",B1001>60,"B2",B1001>50,"C1",B1001>40,"C2")} -> A2 | D1001: 90 | E1001: {=_xlfn.IFS(Table1[[#This Row],[Previous Marks]]>90,"A1",Table1[[#This Row],[Previous Marks]]>80,"A2",Table1[[#This Row],[Previous Marks]]>70,"B1",Table1[[#This Row],[Previous Marks]]>60,"B2",Table1[[#This Row],[Previous Marks]]>50,"C1",Table1[[#This Row],[Previous Marks]]>40,"C2")} -> A2 | F1001: 88

Sheet Attendance v Final Grade
A2: Attendance Rate | B2: Average of FinalGrade
A3: 95 | B3: 78.578375
A4: 92 | B4: 80.002843
A5: 91 | B5: 80.148987
A6: 90 | B6: 81.255198
A7: 88 | B7: 78.034627
A8: 85.510417 | B8: 82.027266
A9: 85 | B9: 80.500332
A10: 82 | B10: 80.86609
A11: 78 | B11: 80.169636
A12: 70 | B12: 79.608888
A13: Grand Total | B13: 80.030208

Sheet Parent Support v Final Grade
A1: Parental Support | B1: Average of FinalGrade | J1: Online Class Taken | K1: Average of FinalGrade
A2: High | B2: 79.439927 | J2: FALSE | K2: 80.017674
A3: Low | B3: 80.312565 | J3: TRUE | K3: 80.041779
A4: Medium | B4: 80.428119 | J4: Grand Total | K4: 80.030208
A5: Grand Total | B5: 80.030208

Sheet Parent Support PV table
A1: Parental Support | B1: Count of ParentalSupport
A2: High | B2: 345
A3: Low | B3: 305
A4: Medium | B4: 328
A5: (blank)
A6: Grand Total | B6: 978

Sheet Dashboard
